,Open,Low,High,Close,Change,ChangePercent,Date_Gregorian,Date_Jalali,weekday_en,weekday_fa
0,"2,067,159","2,067,159","2,067,170","2,067,167",370,0.02%,2023-09-30,1402/07/08,Saturday,شنبه
1,"2,067,164","2,066,690","2,067,831","2,067,537",2212,0.11%,2023-10-01,1402/07/09,Sunday,یکشنبه
2,"2,068,059","2,068,059","2,070,900","2,069,749",16885,0.82%,2023-10-03,1402/07/11,Tuesday,سه‌شنبه
3,"2,069,706","2,052,864","2,069,706","2,052,864",51598,2.58%,2023-10-06,1402/07/14,Friday,جمعه
4,"2,052,879","2,001,255","2,052,879","2,001,266",4329,0.22%,2023-10-07,1402/07/15,Saturday,شنبه
5,"2,000,422","2,000,422","2,010,196","2,005,595",8471,0.42%,2023-10-08,1402/07/16,Sunday,یکشنبه
6,"2,006,232","2,006,232","2,014,066","2,014,066",5646,0.28%,2023-10-09,1402/07/17,Monday,دوشنبه
7,"2,014,877","2,014,877","2,020,461","2,019,712",18250,0.91%,2023-10-10,1402/07/18,Tuesday,سه‌شنبه
8,"2,019,412","2,001,421","2,019,412","2,001,462",480,0.02%,2023-10-13,1402/07/21,Friday,جمعه
9,"2,001,464","2,001,258","2,002,908","2,001,942",-,-,2023-10-14,1402/07/22,Saturday,شنبه
10,"2,002,453","2,002,453","2,018,195","2,018,165",13080,0.65%,2023-10-15,1402/07/23,Sunday,یکشنبه
11,"2,018,150","2,018,150","2,031,246","2,031,245",7702,0.38%,2023-10-16,1402/07/24,Monday,دوشنبه
12,"2,029,688","2,023,527","2,029,688","2,023,543",1429,0.07%,2023-10-17,1402/07/25,Tuesday,سه‌شنبه
13,"2,023,542","2,023,542","2,026,454","2,024,972",7240,0.36%,2023-10-20,1402/07/28,Friday,جمعه
14,"2,026,712","2,026,712","2,033,262","2,032,212",10309,0.51%,2023-10-21,1402/07/29,Saturday,شنبه
15,"2,021,893","2,021,893","2,021,903","2,021,903",21557,1.08%,2023-10-22,1402/07/30,Sunday,یکشنبه
16,"2,021,882","2,000,176","2,021,882","2,000,346",1729,0.09%,2023-10-23,1402/08/01,Monday,دوشنبه
17,"2,000,340","1,999,707","2,002,110","2,002,075",50859,2.61%,2023-10-24,1402/08/02,Tuesday,سه‌شنبه
18,"1,994,979","1,951,216","1,994,979","1,951,216",10094,0.52%,2023-10-27,1402/08/05,Friday,جمعه
19,"1,950,316","1,950,316","1,961,319","1,961,310",20104,1.03%,2023-10-28,1402/08/06,Saturday,شنبه
20,"1,962,245","1,962,245","1,981,572","1,981,414",210,0.01%,2023-10-29,1402/08/07,Sunday,یکشنبه
21,"1,981,909","1,981,203","1,985,257","1,981,204",10685,0.54%,2023-10-30,1402/08/08,Monday,دوشنبه
22,"1,979,785","1,967,737","1,979,785","1,970,519",28690,1.46%,2023-10-31,1402/08/09,Tuesday,سه‌شنبه
23,"1,975,900","1,975,900","1,999,209","1,999,209",17525,0.88%,2023-11-03,1402/08/12,Friday,جمعه
24,"2,000,254","2,000,254","2,016,746","2,016,734",14137,0.7%,2023-11-04,1402/08/13,Saturday,شنبه
25,"2,017,296","2,017,296","2,030,878","2,030,871",21825,1.07%,2023-11-05,1402/08/14,Sunday,یکشنبه
26,"2,031,822","2,031,822","2,052,696","2,052,696",3248,0.16%,2023-11-06,1402/08/15,Monday,دوشنبه
27,"2,053,926","2,053,926","2,056,041","2,055,944",1462,0.07%,2023-11-07,1402/08/16,Tuesday,سه‌شنبه
28,"2,056,160","2,054,307","2,058,764","2,054,482",850,0.04%,2023-11-10,1402/08/19,Friday,جمعه
29,"2,054,502","2,052,563","2,054,646","2,053,632",2328,0.11%,2023-11-11,1402/08/20,Saturday,شنبه
30,"2,054,064","2,054,064","2,058,338","2,055,960",9799,0.48%,2023-11-12,1402/08/21,Sunday,یکشنبه
31,"2,055,842","2,046,161","2,055,842","2,046,161",7278,0.36%,2023-11-13,1402/08/22,Monday,دوشنبه
32,"2,046,066","2,038,875","2,046,066","2,038,883",10304,0.51%,2023-11-14,1402/08/23,Tuesday,سه‌شنبه
33,"2,038,817","2,028,566","2,038,817","2,028,579",2338,0.12%,2023-11-17,1402/08/26,Friday,جمعه
34,"2,028,825","2,026,238","2,031,133","2,026,241",8234,0.41%,2023-11-18,1402/08/27,Saturday,شنبه
35,"2,026,254","2,017,915","2,026,254","2,018,007",2146,0.11%,2023-11-19,1402/08/28,Sunday,یکشنبه
36,"2,018,221","2,018,012","2,020,153","2,020,153",2179,0.11%,2023-11-20,1402/08/29,Monday,دوشنبه
37,"2,020,707","2,020,707","2,023,975","2,022,332",2344,0.12%,2023-11-21,1402/08/30,Tuesday,سه‌شنبه
38,"2,022,953","2,019,988","2,023,339","2,019,988",4459,0.22%,2023-11-24,1402/09/03,Friday,جمعه
39,"2,020,993","2,020,993","2,024,478","2,024,447",7432,0.37%,2023-11-25,1402/09/04,Saturday,شنبه
40,"2,025,378","2,025,378","2,031,905","2,031,879",5805,0.29%,2023-11-26,1402/09/05,Sunday,یکشنبه
41,"2,034,323","2,034,323","2,060,377","2,060,345",27351,1.33%,2023-11-28,1402/09/07,Tuesday,سه‌شنبه
42,"2,064,238","2,064,238","2,088,078","2,087,696",33503,1.6%,2023-12-01,1402/09/10,Friday,جمعه
43,"2,088,225","2,087,859","2,121,199","2,121,199",44029,2.08%,2023-12-02,1402/09/11,Saturday,شنبه
44,"2,142,274","2,142,274","2,165,467","2,165,228",11275,0.52%,2023-12-03,1402/09/12,Sunday,یکشنبه
45,"2,165,193","2,165,193","2,177,243","2,176,503",5480,0.25%,2023-12-04,1402/09/13,Monday,دوشنبه
46,"2,177,475","2,171,023","2,177,475","2,171,023",10058,0.47%,2023-12-05,1402/09/14,Tuesday,سه‌شنبه
47,"2,171,237","2,160,964","2,171,496","2,160,965",109,0.01%,2023-12-08,1402/09/17,Friday,جمعه
48,"2,160,960","2,159,416","2,161,427","2,161,074",1486,0.07%,2023-12-09,1402/09/18,Saturday,شنبه
49,"2,161,637","2,161,637","2,165,685","2,162,560",1294,0.06%,2023-12-10,1402/09/19,Sunday,یکشنبه
50,"2,163,407","2,161,241","2,164,387","2,161,266",3178,0.15%,2023-12-11,1402/09/20,Monday,دوشنبه
51,"2,161,617","2,158,088","2,161,617","2,158,088",13735,0.64%,2023-12-12,1402/09/21,Tuesday,سه‌شنبه
52,"2,158,849","2,158,849","2,171,824","2,171,823",35830,1.65%,2023-12-15,1402/09/24,Friday,جمعه
53,"2,173,529","2,173,529","2,207,655","2,207,653",4203,0.19%,2023-12-17,1402/09/26,Sunday,یکشنبه
54,"2,207,176","2,207,121","2,215,618","2,211,856",3513,0.16%,2023-12-18,1402/09/27,Monday,دوشنبه
55,"2,209,960","2,208,339","2,210,707","2,208,343",8234,0.37%,2023-12-22,1402/10/01,Friday,جمعه
56,"2,208,591","2,200,109","2,208,591","2,200,109",5610,0.26%,2023-12-23,1402/10/02,Saturday,شنبه
57,"2,194,499","2,194,499","2,194,499","2,194,499",15747,0.72%,2023-12-24,1402/10/03,Sunday,یکشنبه
58,"2,193,626","2,178,752","2,193,626","2,178,752",1342,0.06%,2023-12-25,1402/10/04,Monday,دوشنبه
59,"2,178,997","2,177,410","2,179,319","2,177,410",5307,0.24%,2023-12-26,1402/10/05,Tuesday,سه‌شنبه
60,"2,178,618","2,178,618","2,184,189","2,182,717",6615,0.3%,2023-12-29,1402/10/08,Friday,جمعه
61,"2,182,828","2,176,095","2,182,828","2,176,102",7776,0.36%,2023-12-30,1402/10/09,Saturday,شنبه
62,"2,176,386","2,168,326","2,176,386","2,168,326",9560,0.44%,2023-12-31,1402/10/10,Sunday,یکشنبه
63,"2,168,309","2,158,766","2,168,309","2,158,766",3532,0.16%,2024-01-01,1402/10/11,Monday,دوشنبه
64,"2,158,989","2,155,089","2,159,186","2,155,234",1515,0.07%,2024-01-02,1402/10/12,Tuesday,سه‌شنبه
65,"2,155,297","2,151,951","2,155,297","2,153,719",1056,0.05%,2024-01-05,1402/10/15,Friday,جمعه
66,"2,153,710","2,153,710","2,156,925","2,154,775",820,0.04%,2024-01-06,1402/10/16,Saturday,شنبه
67,"2,154,713","2,153,953","2,156,552","2,153,955",2417,0.11%,2024-01-07,1402/10/17,Sunday,یکشنبه
68,"2,154,137","2,153,482","2,156,885","2,156,372",14592,0.68%,2024-01-08,1402/10/18,Monday,دوشنبه
69,"2,157,095","2,157,095","2,170,966","2,170,964",9560,0.44%,2024-01-09,1402/10/19,Tuesday,سه‌شنبه
70,"2,170,985","2,170,923","2,180,935","2,180,524",16766,0.77%,2024-01-12,1402/10/22,Friday,جمعه
71,"2,180,534","2,180,534","2,197,295","2,197,290",2291,0.1%,2024-01-13,1402/10/23,Saturday,شنبه
72,"2,197,918","2,194,996","2,198,211","2,194,999",6362,0.29%,2024-01-14,1402/10/24,Sunday,یکشنبه
73,"2,193,827","2,186,963","2,193,827","2,188,637",1667,0.08%,2024-01-15,1402/10/25,Monday,دوشنبه
74,"2,193,827","2,186,963","2,193,827","2,186,970",993,0.05%,2024-01-16,1402/10/26,Tuesday,سه‌شنبه
75,"2,186,916","2,166,927","2,188,213","2,166,927",13716,0.64%,2024-01-19,1402/10/29,Friday,جمعه
76,"2,163,865","2,153,203","2,163,865","2,153,211",6648,0.31%,2024-01-20,1402/10/30,Saturday,شنبه
77,"2,153,725","2,146,545","2,156,266","2,146,563",26515,1.25%,2024-01-21,1402/11/01,Sunday,یکشنبه
78,"2,146,199","2,120,035","2,146,199","2,120,048",3443,0.16%,2024-01-22,1402/11/02,Monday,دوشنبه
79,"2,120,157","2,120,157","2,124,431","2,123,491",3338,0.16%,2024-01-23,1402/11/03,Tuesday,سه‌شنبه
80,"2,124,136","2,124,136","2,128,098","2,126,829",1198,0.06%,2024-01-26,1402/11/06,Friday,جمعه
81,"2,127,373","2,127,351","2,128,207","2,128,027",7759,0.37%,2024-01-27,1402/11/07,Saturday,شنبه
82,"2,127,626","2,120,096","2,127,626","2,120,268",9929,0.47%,2024-01-28,1402/11/08,Sunday,یکشنبه
83,"2,120,296","2,110,335","2,120,296","2,110,339",3067,0.15%,2024-01-29,1402/11/09,Monday,دوشنبه
84,"2,110,327","2,105,844","2,110,327","2,107,272",-,-,2024-01-30,1402/11/10,Tuesday,سه‌شنبه
85,"2,107,412","2,107,412","2,114,232","2,111,083",10910,0.52%,2024-02-02,1402/11/13,Friday,جمعه
86,"2,111,539","2,100,173","2,111,539","2,100,173",1701,0.08%,2024-02-03,1402/11/14,Saturday,شنبه
87,"2,098,748","2,098,316","2,099,632","2,098,472",1225,0.06%,2024-02-04,1402/11/15,Sunday,یکشنبه
88,"2,097,540","2,097,051","2,098,120","2,098,022",2082,0.1%,2024-02-06,1402/11/17,Tuesday,سه‌شنبه
89,"2,098,026","2,098,026","2,100,869","2,100,104",8206,0.39%,2024-02-09,1402/11/20,Friday,جمعه
90,"2,091,896","2,091,895","2,091,898","2,091,898",1590,0.08%,2024-02-11,1402/11/22,Sunday,یکشنبه
91,"2,093,455","2,090,299","2,094,567","2,090,308",11763,0.57%,2024-02-12,1402/11/23,Monday,دوشنبه
92,"2,090,317","2,078,526","2,090,317","2,078,545",18525,0.9%,2024-02-13,1402/11/24,Tuesday,سه‌شنبه
93,"2,078,540","2,060,020","2,091,898","2,060,020",4561,0.22%,2024-02-16,1402/11/27,Friday,جمعه
94,"2,059,995","2,059,558","2,064,743","2,064,581",6214,0.3%,2024-02-18,1402/11/29,Sunday,یکشنبه
95,"2,070,775","2,070,760","2,070,925","2,070,887",71,-,2024-02-19,1402/11/30,Monday,دوشنبه
96,"2,070,816","2,070,816","2,070,816","2,070,816",4679,0.23%,2024-02-21,1402/12/02,Wednesday,چهارشنبه
97,"2,071,434","2,065,964","2,071,565","2,066,137",16353,0.8%,2024-02-23,1402/12/04,Friday,جمعه
98,"2,066,168","2,049,419","2,066,168","2,049,784",3768,0.18%,2024-02-25,1402/12/06,Sunday,یکشنبه
99,"2,049,760","2,045,625","2,049,760","2,046,016",8811,0.43%,2024-02-26,1402/12/07,Monday,دوشنبه
100,"2,046,943","2,046,943","2,055,587","2,054,827",31714,1.54%,2024-02-27,1402/12/08,Tuesday,سه‌شنبه
101,"2,055,601","2,055,601","2,086,798","2,086,541",60547,2.9%,2024-03-01,1402/12/11,Friday,جمعه
102,"2,103,791","2,103,791","2,148,086","2,147,088",6924,0.32%,2024-03-02,1402/12/12,Saturday,شنبه
103,"2,149,108","2,140,164","2,150,823","2,140,164",32063,1.5%,2024-03-03,1402/12/13,Sunday,یکشنبه
104,"2,172,822","2,165,738","2,173,799","2,165,752",2002,0.09%,2024-03-05,1402/12/15,Tuesday,سه‌شنبه
105,"2,167,269","2,163,750","2,170,036","2,163,750",3526,0.16%,2024-03-08,1402/12/18,Friday,جمعه
106,"2,163,962","2,160,224","2,163,962","2,160,224",1339,0.06%,2024-03-09,1402/12/19,Saturday,شنبه
107,"2,159,903","2,159,545","2,162,674","2,161,563",1937,0.09%,2024-03-10,1402/12/20,Sunday,یکشنبه
108,"2,163,497","2,163,478","2,169,399","2,163,500",13465,0.63%,2024-03-11,1402/12/21,Monday,دوشنبه
109,"2,164,003","2,150,021","2,164,003","2,150,035",1541,0.07%,2024-03-12,1402/12/22,Tuesday,سه‌شنبه
110,"2,153,129","2,148,485","2,156,185","2,148,494",11912,0.55%,2024-03-15,1402/12/25,Friday,جمعه
111,"2,149,427","2,149,427","2,160,486","2,160,406",34686,1.61%,2024-03-16,1402/12/26,Saturday,شنبه
112,"2,161,145","2,161,145","2,195,092","2,195,092",41257,1.88%,2024-03-17,1402/12/27,Sunday,یکشنبه
113,"2,204,522","2,204,522","2,236,360","2,236,349",17253,0.77%,2024-03-23,1403/01/04,Saturday,شنبه
114,"2,240,768","2,240,768","2,254,685","2,253,602",4176,0.19%,2024-03-24,1403/01/05,Sunday,یکشنبه
115,"2,253,549","2,248,821","2,253,549","2,249,426",11960,0.53%,2024-03-25,1403/01/06,Monday,دوشنبه
116,"2,250,287","2,250,287","2,261,399","2,261,386",214,0.01%,2024-03-26,1403/01/07,Tuesday,سه‌شنبه
117,"2,261,589","2,259,463","2,261,589","2,261,172",15907,0.71%,2024-03-29,1403/01/10,Friday,جمعه
118,"2,246,118","2,238,688","2,246,118","2,245,265",5642,0.25%,2024-04-01,1403/01/13,Monday,دوشنبه
119,"2,245,893","2,245,893","2,255,608","2,250,907",19885,0.89%,2024-04-02,1403/01/14,Tuesday,سه‌شنبه
120,"2,251,694","2,230,996","2,254,698","2,231,022",3903,0.17%,2024-04-05,1403/01/17,Friday,جمعه
121,"2,234,322","2,233,998","2,236,797","2,234,925",19928,0.89%,2024-04-06,1403/01/18,Saturday,شنبه
122,"2,237,175","2,237,175","2,254,853","2,254,853",7046,0.31%,2024-04-07,1403/01/19,Sunday,یکشنبه
123,"2,255,207","2,254,846","2,261,900","2,261,899",53929,2.44%,2024-04-08,1403/01/20,Monday,دوشنبه
124,"2,256,374","2,207,970","2,256,374","2,207,970",11203,0.51%,2024-04-12,1403/01/24,Friday,جمعه
125,"2,204,128","2,196,767","2,204,128","2,196,767",10140,0.46%,2024-04-13,1403/01/25,Saturday,شنبه
126,"2,198,983","2,198,983","2,206,907","2,206,907",4926,0.22%,2024-04-14,1403/01/26,Sunday,یکشنبه
127,"2,207,356","2,201,172","2,207,356","2,201,981",6233,0.28%,2024-04-15,1403/01/27,Monday,دوشنبه
128,"2,208,214","2,208,214","2,208,214","2,208,214",-,-,2024-04-16,1403/01/28,Tuesday,سه‌شنبه
129,"2,208,214","2,208,214","2,208,214","2,208,214",104777,4.74%,2024-04-17,1403/01/29,Wednesday,چهارشنبه
130,"2,312,991","2,312,991","2,312,991","2,312,991",3812,0.16%,2024-04-20,1403/02/01,Saturday,شنبه
131,"2,316,740","2,316,737","2,316,803","2,316,803",13425,0.58%,2024-04-21,1403/02/02,Sunday,یکشنبه
132,"2,316,753","2,303,378","2,316,753","2,303,378",947,0.04%,2024-04-22,1403/02/03,Monday,دوشنبه
133,"2,303,859","2,303,859","2,307,554","2,304,325",653,0.03%,2024-04-23,1403/02/04,Tuesday,سه‌شنبه
134,"2,307,191","2,304,978","2,312,661","2,304,978",20145,0.88%,2024-04-26,1403/02/07,Friday,جمعه
135,"2,304,603","2,284,833","2,304,603","2,284,833",3762,0.16%,2024-04-27,1403/02/08,Saturday,شنبه
136,"2,285,422","2,281,058","2,288,020","2,281,071",12245,0.54%,2024-04-28,1403/02/09,Sunday,یکشنبه
137,"2,281,648","2,268,826","2,281,648","2,268,826",3909,0.17%,2024-04-29,1403/02/10,Monday,دوشنبه
138,"2,268,563","2,264,678","2,268,779","2,264,917",5172,0.23%,2024-04-30,1403/02/11,Tuesday,سه‌شنبه
139,"2,265,343","2,259,710","2,266,320","2,259,745",20647,0.92%,2024-05-04,1403/02/15,Saturday,شنبه
140,"2,259,195","2,239,096","2,259,195","2,239,098",7674,0.34%,2024-05-05,1403/02/16,Sunday,یکشنبه
141,"2,239,225","2,231,413","2,239,525","2,231,424",12332,0.56%,2024-05-06,1403/02/17,Monday,دوشنبه
142,"2,231,356","2,219,092","2,231,356","2,219,092",10808,0.49%,2024-05-07,1403/02/18,Tuesday,سه‌شنبه
143,"2,219,359","2,208,244","2,219,593","2,208,284",15113,0.69%,2024-05-10,1403/02/21,Friday,جمعه
144,"2,208,613","2,193,171","2,208,711","2,193,171",31749,1.47%,2024-05-11,1403/02/22,Saturday,شنبه
145,"2,193,082","2,160,779","2,193,082","2,161,422",4151,0.19%,2024-05-12,1403/02/23,Sunday,یکشنبه
146,"2,162,210","2,162,210","2,173,845","2,165,573",881,0.04%,2024-05-13,1403/02/24,Monday,دوشنبه
147,"2,165,990","2,159,162","2,166,385","2,164,692",3984,0.18%,2024-05-14,1403/02/25,Tuesday,سه‌شنبه
148,"2,166,805","2,166,805","2,174,955","2,168,676",56116,2.66%,2024-05-17,1403/02/28,Friday,جمعه
149,"2,166,186","2,106,439","2,166,186","2,112,560",14078,0.67%,2024-05-18,1403/02/29,Saturday,شنبه
150,"2,097,537","2,097,537","2,098,482","2,098,482",19419,0.93%,2024-05-24,1403/03/04,Friday,جمعه
151,"2,097,243","2,077,749","2,097,243","2,079,063",20932,1.02%,2024-05-25,1403/03/05,Saturday,شنبه
152,"2,076,283","2,056,557","2,076,283","2,058,131",11744,0.57%,2024-05-26,1403/03/06,Sunday,یکشنبه
153,"2,057,006","2,057,006","2,069,882","2,069,875",16205,0.78%,2024-05-27,1403/03/07,Monday,دوشنبه
154,"2,072,576","2,072,576","2,086,084","2,086,080",8000,0.38%,2024-05-28,1403/03/08,Tuesday,سه‌شنبه
155,"2,088,958","2,088,958","2,097,232","2,094,080",6394,0.31%,2024-05-31,1403/03/11,Friday,جمعه
156,"2,094,223","2,086,791","2,094,223","2,087,686",5568,0.27%,2024-06-01,1403/03/12,Saturday,شنبه
157,"2,087,828","2,081,526","2,088,779","2,082,118",17729,0.86%,2024-06-04,1403/03/15,Tuesday,سه‌شنبه
158,"2,081,014","2,063,572","2,081,014","2,064,389",2492,0.12%,2024-06-07,1403/03/18,Friday,جمعه
159,"2,062,978","2,058,148","2,062,978","2,061,897",16193,0.79%,2024-06-08,1403/03/19,Saturday,شنبه
160,"2,063,486","2,063,486","2,078,090","2,078,090",3206,0.15%,2024-06-09,1403/03/20,Sunday,یکشنبه
161,"2,081,016","2,081,016","2,083,973","2,081,296",5576,0.27%,2024-06-10,1403/03/21,Monday,دوشنبه
162,"2,077,075","2,074,571","2,077,075","2,075,720",14240,0.69%,2024-06-11,1403/03/22,Tuesday,سه‌شنبه
163,"2,074,474","2,061,480","2,074,474","2,061,480",16163,0.79%,2024-06-14,1403/03/25,Friday,جمعه
164,"2,061,671","2,045,096","2,061,671","2,045,317",1337,0.07%,2024-06-15,1403/03/26,Saturday,شنبه
165,"2,044,130","2,035,963","2,044,330","2,043,980",3671,0.18%,2024-06-17,1403/03/28,Monday,دوشنبه
166,"2,047,470","2,047,470","2,047,952","2,047,651",3496,0.17%,2024-06-21,1403/04/01,Friday,جمعه
167,"2,048,107","2,048,107","2,052,069","2,051,147",14019,0.68%,2024-06-22,1403/04/02,Saturday,شنبه
168,"2,052,687","2,052,687","2,065,275","2,065,166",19965,0.97%,2024-06-23,1403/04/03,Sunday,یکشنبه
169,"2,069,395","2,069,395","2,085,220","2,085,131",10893,0.52%,2024-06-25,1403/04/05,Tuesday,سه‌شنبه
170,"2,094,149","2,094,149","2,097,361","2,096,024",23086,1.11%,2024-06-28,1403/04/08,Friday,جمعه
171,"2,094,509","2,072,896","2,094,509","2,072,938",2157,0.1%,2024-06-29,1403/04/09,Saturday,شنبه
172,"2,073,084","2,072,512","2,075,146","2,075,095",15206,0.73%,2024-06-30,1403/04/10,Sunday,یکشنبه
173,"2,076,109","2,076,109","2,090,435","2,090,301",10369,0.5%,2024-07-01,1403/04/11,Monday,دوشنبه
174,"2,091,919","2,798","2,100,670","2,100,670",88142,4.2%,2024-07-02,1403/04/12,Tuesday,سه‌شنبه
175,"2,118,850","2,118,850","2,188,856","2,188,812",37631,1.72%,2024-07-05,1403/04/15,Friday,جمعه
176,"2,228,604","2,224,379","2,229,985","2,226,443",5144,0.23%,2024-07-06,1403/04/16,Saturday,شنبه
177,"2,226,528","2,221,299","2,226,528","2,221,299",4283,0.19%,2024-07-07,1403/04/17,Sunday,یکشنبه
178,"2,221,735","2,217,015","2,221,958","2,217,016",7676,0.35%,2024-07-08,1403/04/18,Monday,دوشنبه
179,"2,211,784","2,209,202","2,211,784","2,209,340",9083,0.41%,2024-07-09,1403/04/19,Tuesday,سه‌شنبه
180,"2,209,624","2,200,237","2,209,624","2,200,257",877,0.04%,2024-07-12,1403/04/22,Friday,جمعه
181,"2,201,206","2,201,128","2,204,592","2,201,134",1545,0.07%,2024-07-13,1403/04/23,Saturday,شنبه
182,"2,201,491","2,201,491","2,203,344","2,202,679",10266,0.47%,2024-07-16,1403/04/26,Tuesday,سه‌شنبه
183,"2,202,670","2,192,413","2,202,670","2,192,413",20221,0.93%,2024-07-19,1403/04/29,Friday,جمعه
184,"2,191,809","2,172,190","2,191,809","2,172,192",3195,0.15%,2024-07-20,1403/04/30,Saturday,شنبه
185,"2,171,816","2,167,993","2,172,203","2,168,997",8965,0.41%,2024-07-21,1403/04/31,Sunday,یکشنبه
186,"2,169,010","2,169,010","2,179,874","2,177,962",2647,0.12%,2024-07-22,1403/05/01,Monday,دوشنبه
187,"2,178,508","2,175,315","2,181,600","2,175,315",14351,0.66%,2024-07-23,1403/05/02,Tuesday,سه‌شنبه
188,"2,175,352","2,160,964","2,175,352","2,160,964",29215,1.37%,2024-07-26,1403/05/05,Friday,جمعه
189,"2,161,004","2,131,748","2,161,004","2,131,749",11319,0.53%,2024-07-28,1403/05/07,Sunday,یکشنبه
190,"2,131,609","2,120,429","2,131,609","2,120,430",52058,2.52%,2024-07-29,1403/05/08,Monday,دوشنبه
191,"2,100,182","2,067,970","2,100,182","2,068,372",61706,3.08%,2024-07-30,1403/05/09,Tuesday,سه‌شنبه
192,"2,064,549","2,006,666","2,064,549","2,006,666",1058,0.05%,2024-08-02,1403/05/12,Friday,جمعه
193,"2,006,693","2,002,918","2,006,693","2,005,608",1096,0.05%,2024-08-03,1403/05/13,Saturday,شنبه
194,"2,005,711","2,004,382","2,006,256","2,004,512",1899,0.09%,2024-08-04,1403/05/14,Sunday,یکشنبه
195,"2,004,648","2,002,580","2,005,241","2,002,613",1230,0.06%,2024-08-05,1403/05/15,Monday,دوشنبه
196,"2,003,117","2,003,117","2,005,272","2,003,843",468,0.02%,2024-08-09,1403/05/19,Friday,جمعه
197,"2,004,265","2,003,369","2,005,330","2,003,375",4722,0.24%,2024-08-10,1403/05/20,Saturday,شنبه
198,"2,003,544","1,998,653","2,003,552","1,998,653",7569,0.38%,2024-08-11,1403/05/21,Sunday,یکشنبه
199,"1,997,850","1,991,084","1,997,850","1,991,084",7034,0.35%,2024-08-12,1403/05/22,Monday,دوشنبه
200,"1,998,118","1,998,118","1,998,118","1,998,118",14239,0.71%,2024-08-13,1403/05/23,Tuesday,سه‌شنبه
201,"2,000,937","2,000,937","2,012,357","2,012,357",18201,0.9%,2024-08-16,1403/05/26,Friday,جمعه
202,"2,018,006","2,018,006","2,030,558","2,030,558",7485,0.37%,2024-08-18,1403/05/28,Sunday,یکشنبه
203,"2,038,048","2,032,553","2,038,048","2,032,554",4654,0.23%,2024-08-19,1403/05/29,Monday,دوشنبه
204,"2,032,900","2,032,900","2,037,208","2,037,208",15082,0.74%,2024-08-20,1403/05/30,Tuesday,سه‌شنبه
205,"2,038,520","2,038,520","2,052,475","2,052,290",15735,0.77%,2024-08-23,1403/06/02,Friday,جمعه
206,"2,065,472","2,065,472","2,068,025","2,068,025",8228,0.4%,2024-08-26,1403/06/05,Monday,دوشنبه
207,"2,069,455","2,069,455","2,076,272","2,076,253",22383,1.08%,2024-08-27,1403/06/06,Tuesday,سه‌شنبه
208,"2,080,319","2,080,319","2,098,639","2,098,636",11868,0.57%,2024-08-30,1403/06/09,Friday,جمعه
209,"2,104,280","2,104,280","2,110,512","2,110,504",1210,0.06%,2024-08-31,1403/06/10,Saturday,شنبه
210,"2,111,100","2,109,048","2,111,100","2,109,294",7666,0.36%,2024-09-02,1403/06/12,Monday,دوشنبه
211,"2,110,431","2,101,628","2,110,516","2,101,628",13541,0.65%,2024-09-06,1403/06/16,Friday,جمعه
212,"2,090,343","2,087,561","2,090,343","2,088,087",7962,0.38%,2024-09-07,1403/06/17,Saturday,شنبه
213,"2,096,973","2,095,933","2,096,973","2,096,049",7697,0.37%,2024-09-08,1403/06/18,Sunday,یکشنبه
214,"2,096,473","2,088,297","2,096,473","2,088,352",3759,0.18%,2024-09-09,1403/06/19,Monday,دوشنبه
215,"2,087,608","2,084,123","2,087,750","2,084,593",9121,0.44%,2024-09-10,1403/06/20,Tuesday,سه‌شنبه
216,"2,085,769","2,075,472","2,085,769","2,075,472",9924,0.48%,2024-09-13,1403/06/23,Friday,جمعه
217,"2,074,616","2,065,505","2,074,616","2,065,548",2017,0.1%,2024-09-14,1403/06/24,Saturday,شنبه
218,"2,065,607","2,065,282","2,069,026","2,067,565",16587,0.8%,2024-09-15,1403/06/25,Sunday,یکشنبه
219,"2,068,064","2,068,064","2,084,152","2,084,152",12852,0.62%,2024-09-16,1403/06/26,Monday,دوشنبه
220,"2,085,712","2,085,712","2,097,075","2,097,004",1917,0.09%,2024-09-17,1403/06/27,Tuesday,سه‌شنبه
221,"2,097,913","2,097,913","2,101,089","2,098,921",17616,0.84%,2024-09-21,1403/06/31,Saturday,شنبه
222,"2,099,369","2,099,369","2,116,537","2,116,537",36131,1.71%,2024-09-22,1403/07/01,Sunday,یکشنبه
223,"2,120,134","2,120,134","2,152,668","2,152,668",2355,0.11%,2024-09-23,1403/07/02,Monday,دوشنبه
224,"2,156,270","2,155,023","2,159,101","2,155,023",8175,0.38%,2024-09-24,1403/07/03,Tuesday,سه‌شنبه
225,"2,146,848","2,146,848","2,146,848","2,146,848",8867,0.41%,2024-09-27,1403/07/06,Friday,جمعه
226,"2,138,292","2,137,971","2,138,292","2,137,981",6275,0.29%,2024-09-28,1403/07/07,Saturday,شنبه
227,"2,136,978","2,131,572","2,136,978","2,131,706",8111,0.38%,2024-09-29,1403/07/08,Sunday,یکشنبه
228,"2,130,139","2,123,483","2,130,139","2,123,595",8676,0.41%,2024-09-30,1403/07/09,Monday,دوشنبه
229,"2,120,174","2,114,887","2,120,174","2,114,919",8107,0.38%,2024-10-01,1403/07/10,Tuesday,سه‌شنبه
230,"2,112,587","2,106,796","2,112,587","2,106,812",5055,0.24%,2024-10-04,1403/07/13,Friday,جمعه
231,"2,103,389","2,101,757","2,103,389","2,101,757",7807,0.37%,2024-10-05,1403/07/14,Saturday,شنبه
232,"2,096,829","2,093,879","2,096,829","2,093,950",3433,0.16%,2024-10-06,1403/07/15,Sunday,یکشنبه
233,"2,097,066","2,097,034","2,097,383","2,097,383",2316,0.11%,2024-10-07,1403/07/16,Monday,دوشنبه
234,"2,097,416","2,097,416","2,099,836","2,099,699",14169,0.67%,2024-10-08,1403/07/17,Tuesday,سه‌شنبه
235,"2,099,921","2,099,921","2,114,212","2,113,868",839,0.04%,2024-10-11,1403/07/20,Friday,جمعه
236,"2,116,576","2,113,482","2,120,889","2,114,707",23914,1.14%,2024-10-12,1403/07/21,Saturday,شنبه
237,"2,096,974","2,089,942","2,096,974","2,090,793",21532,1.04%,2024-10-13,1403/07/22,Sunday,یکشنبه
238,"2,069,062","2,069,061","2,069,266","2,069,261",3493,0.17%,2024-10-14,1403/07/23,Monday,دوشنبه
239,"2,067,329","2,065,742","2,069,373","2,065,768",24692,1.21%,2024-10-15,1403/07/24,Tuesday,سه‌شنبه
240,"2,064,094","2,041,076","2,064,094","2,041,076",19962,0.99%,2024-10-18,1403/07/27,Friday,جمعه
241,"2,035,448","2,021,114","2,035,448","2,021,114",13846,0.69%,2024-10-19,1403/07/28,Saturday,شنبه
242,"2,017,821","2,007,264","2,017,821","2,007,268",13512,0.68%,2024-10-20,1403/07/29,Sunday,یکشنبه
243,"2,006,133","1,993,731","2,006,995","1,993,756",22855,1.16%,2024-10-21,1403/07/30,Monday,دوشنبه
244,"1,991,865","1,970,882","1,991,865","1,970,901",24324,1.23%,2024-10-22,1403/08/01,Tuesday,سه‌شنبه
245,"1,973,481","1,973,481","1,995,273","1,995,225",30726,1.54%,2024-10-25,1403/08/04,Friday,جمعه
246,"1,997,921","1,997,921","2,025,953","2,025,951",25645,1.27%,2024-10-26,1403/08/05,Saturday,شنبه
247,"2,032,287","2,032,287","2,051,598","2,051,596",72,-,2024-10-27,1403/08/06,Sunday,یکشنبه
248,"2,057,233","2,051,437","2,061,442","2,051,668",4555,0.22%,2024-10-28,1403/08/07,Monday,دوشنبه
249,"2,049,857","2,043,717","2,056,223","2,056,223",5069,0.25%,2024-10-29,1403/08/08,Tuesday,سه‌شنبه
250,"2,058,226","2,058,226","2,068,975","2,061,292",28528,1.4%,2024-11-01,1403/08/11,Friday,جمعه
251,"2,054,899","2,032,764","2,054,899","2,032,764",14794,0.73%,2024-11-02,1403/08/12,Saturday,شنبه
252,"2,027,180","2,017,647","2,027,180","2,017,970",7024,0.35%,2024-11-03,1403/08/13,Sunday,یکشنبه
253,"2,019,680","2,019,680","2,025,009","2,024,994",7118,0.35%,2024-11-04,1403/08/14,Monday,دوشنبه
254,"2,023,496","2,008,497","2,023,496","2,017,876",36279,1.8%,2024-11-05,1403/08/15,Tuesday,سه‌شنبه
255,"2,022,105","2,022,105","2,054,156","2,054,155",35262,1.72%,2024-11-08,1403/08/18,Friday,جمعه
256,"2,058,313","2,058,313","2,089,432","2,089,417",36868,1.76%,2024-11-09,1403/08/19,Saturday,شنبه
257,"2,105,511","2,105,511","2,126,909","2,126,285",7323,0.34%,2024-11-10,1403/08/20,Sunday,یکشنبه
258,"2,127,085","2,127,085","2,136,901","2,133,608",13361,0.63%,2024-11-11,1403/08/21,Monday,دوشنبه
259,"2,134,924","2,134,924","2,146,976","2,146,969",45490,2.12%,2024-11-12,1403/08/22,Tuesday,سه‌شنبه
260,"2,172,294","2,172,294","2,192,460","2,192,459",19361,0.88%,2024-11-15,1403/08/25,Friday,جمعه
261,"2,212,307","2,211,820","2,216,208","2,211,820",43632,1.97%,2024-11-16,1403/08/26,Saturday,شنبه
262,"2,218,492","2,218,492","2,255,452","2,255,452",14252,0.63%,2024-11-17,1403/08/27,Sunday,یکشنبه
263,"2,263,270","2,263,270","2,276,243","2,269,704",12091,0.54%,2024-11-18,1403/08/28,Monday,دوشنبه
264,"2,264,559","2,253,597","2,264,559","2,257,613",24445,1.08%,2024-11-19,1403/08/29,Tuesday,سه‌شنبه
265,"2,260,736","2,260,736","2,282,058","2,282,058",49136,2.15%,2024-11-22,1403/09/02,Friday,جمعه
266,"2,289,414","2,289,414","2,331,201","2,331,194",57931,2.49%,2024-11-23,1403/09/03,Saturday,شنبه
267,"2,350,059","2,331,194","2,389,125","2,389,125",25851,1.08%,2024-11-24,1403/09/04,Sunday,یکشنبه
268,"2,418,362","2,414,976","2,433,561","2,414,976",11179,0.46%,2024-11-25,1403/09/05,Monday,دوشنبه
269,"2,413,668","2,413,668","2,426,155","2,426,155",11186,0.46%,2024-11-26,1403/09/06,Tuesday,سه‌شنبه
270,"2,431,898","2,414,969","2,444,039","2,414,969",15520,0.65%,2024-11-29,1403/09/09,Friday,جمعه
271,"2,406,977","2,399,449","2,414,969","2,399,449",60959,2.54%,2024-11-30,1403/09/10,Saturday,شنبه
272,"2,417,559","2,417,559","2,460,408","2,460,408",28952,1.18%,2024-12-01,1403/09/11,Sunday,یکشنبه
273,"2,487,583","2,460,408","2,496,688","2,489,360",112417,4.52%,2024-12-02,1403/09/12,Monday,دوشنبه
274,"2,601,777","2,601,777","2,601,777","2,601,777",51640,1.98%,2024-12-03,1403/09/13,Tuesday,سه‌شنبه
275,"2,653,417","2,653,417","2,653,417","2,653,417",32935,1.24%,2024-12-14,1403/09/24,Saturday,شنبه
276,"2,653,417","2,653,417","2,689,757","2,686,352",12368,0.46%,2024-12-15,1403/09/25,Sunday,یکشنبه
277,"2,698,449","2,673,984","2,698,449","2,673,984",6505,0.24%,2024-12-16,1403/09/26,Monday,دوشنبه
278,"2,676,887","2,676,887","2,680,490","2,680,489",58363,2.18%,2024-12-17,1403/09/27,Tuesday,سه‌شنبه
279,"2,736,691","2,736,691","2,738,853","2,738,852",24788,0.91%,2024-12-20,1403/09/30,Friday,جمعه
280,"2,759,940","2,757,589","2,765,122","2,763,640",35597,1.29%,2024-12-21,1403/10/01,Saturday,شنبه
281,"2,770,956","2,770,956","2,799,264","2,799,237",47931,1.71%,2024-12-22,1403/10/02,Sunday,یکشنبه
282,"2,825,416","2,825,416","2,848,683","2,847,168",1732,0.06%,2024-12-23,1403/10/03,Monday,دوشنبه
283,"2,868,802","2,848,893","2,871,714","2,848,900",21482,0.76%,2024-12-24,1403/10/04,Tuesday,سه‌شنبه
284,"2,852,993","2,827,418","2,852,993","2,827,418",49685,1.79%,2024-12-27,1403/10/07,Friday,جمعه
285,"2,808,008","2,777,651","2,808,008","2,777,733",42892,1.57%,2024-12-28,1403/10/08,Saturday,شنبه
286,"2,753,190","2,734,644","2,753,190","2,734,841",24580,0.9%,2024-12-29,1403/10/09,Sunday,یکشنبه
287,"2,738,873","2,738,873","2,760,412","2,759,421",28789,1.04%,2024-12-30,1403/10/10,Monday,دوشنبه
288,"2,771,920","2,771,920","2,788,214","2,788,210",61730,2.21%,2024-12-31,1403/10/11,Tuesday,سه‌شنبه
289,"2,803,633","2,803,633","2,849,940","2,849,940",18432,0.65%,2025-01-03,1403/10/14,Friday,جمعه
290,"2,865,537","2,865,537","2,872,271","2,868,372",3885,0.14%,2025-01-04,1403/10/15,Saturday,شنبه
291,"2,853,411","2,853,411","2,872,257","2,872,257",49906,1.74%,2025-01-05,1403/10/16,Sunday,یکشنبه
292,"2,902,287","2,902,287","2,922,168","2,922,163",22474,0.77%,2025-01-06,1403/10/17,Monday,دوشنبه
293,"2,937,911","2,937,911","2,945,880","2,944,637",33633,1.16%,2025-01-07,1403/10/18,Tuesday,سه‌شنبه
294,"2,937,484","2,911,004","2,937,484","2,911,004",53693,1.88%,2025-01-10,1403/10/21,Friday,جمعه
295,"2,875,739","2,857,311","2,875,739","2,857,311",9342,0.33%,2025-01-11,1403/10/22,Saturday,شنبه
296,"2,852,560","2,852,560","2,866,796","2,866,653",431,0.02%,2025-01-12,1403/10/23,Sunday,یکشنبه
297,"2,879,532","2,866,222","2,879,770","2,866,222",50581,1.8%,2025-01-14,1403/10/25,Tuesday,سه‌شنبه
298,"2,854,568","2,815,641","2,854,568","2,815,641",14673,0.52%,2025-01-17,1403/10/28,Friday,جمعه
299,"2,802,779","2,800,967","2,808,796","2,800,968",42057,1.52%,2025-01-18,1403/10/29,Saturday,شنبه
300,"2,804,719","2,758,911","2,804,719","2,758,911",2094,0.08%,2025-01-19,1403/10/30,Sunday,یکشنبه
301,"2,755,875","2,749,084","2,761,016","2,761,005",53322,1.93%,2025-01-20,1403/11/01,Monday,دوشنبه
302,"2,805,652","2,805,652","2,814,327","2,814,327",25981,0.92%,2025-01-21,1403/11/02,Tuesday,سه‌شنبه
303,"2,837,852","2,837,852","2,840,528","2,840,308",19242,0.68%,2025-01-24,1403/11/05,Friday,جمعه
304,"2,845,829","2,821,066","2,845,829","2,821,066",13460,0.48%,2025-01-25,1403/11/06,Saturday,شنبه
305,"2,803,747","2,803,747","2,813,410","2,807,606",6171,0.22%,2025-01-26,1403/11/07,Sunday,یکشنبه
306,"2,814,052","2,801,434","2,814,052","2,801,435",37320,1.35%,2025-01-28,1403/11/09,Tuesday,سه‌شنبه
307,"2,781,672","2,760,041","2,781,672","2,764,115",12719,0.46%,2025-01-31,1403/11/12,Friday,جمعه
308,"2,771,036","2,771,036","2,777,082","2,776,834",3655,0.13%,2025-02-01,1403/11/13,Saturday,شنبه
309,"2,782,373","2,778,822","2,782,373","2,780,489",23729,0.85%,2025-02-02,1403/11/14,Sunday,یکشنبه
310,"2,805,308","2,804,218","2,805,912","2,804,218",184,0.01%,2025-02-03,1403/11/15,Monday,دوشنبه
311,"2,790,852","2,790,852","2,804,035","2,804,034",17632,0.63%,2025-02-04,1403/11/16,Tuesday,سه‌شنبه
312,"2,830,006","2,821,666","2,832,893","2,821,666",37323,1.34%,2025-02-08,1403/11/20,Saturday,شنبه
313,"2,822,919","2,784,343","2,826,134","2,784,343",57779,2.12%,2025-02-10,1403/11/22,Monday,دوشنبه
314,"2,746,962","2,726,528","2,746,962","2,726,564",47679,1.78%,2025-02-14,1403/11/26,Friday,جمعه
315,"2,691,158","2,678,631","2,691,158","2,678,885",22155,0.83%,2025-02-15,1403/11/27,Saturday,شنبه
316,"2,685,641","2,685,641","2,704,070","2,701,040",18298,0.68%,2025-02-16,1403/11/28,Sunday,یکشنبه
317,"2,703,890","2,703,890","2,720,519","2,719,338",12890,0.47%,2025-02-17,1403/11/29,Monday,دوشنبه
318,"2,722,797","2,722,797","2,732,229","2,732,228",18102,0.67%,2025-02-18,1403/11/30,Tuesday,سه‌شنبه
319,"2,735,596","2,714,121","2,735,596","2,714,126",21697,0.8%,2025-02-21,1403/12/03,Friday,جمعه
320,"2,718,425","2,718,425","2,735,823","2,735,823",56864,2.08%,2025-02-22,1403/12/04,Saturday,شنبه
321,"2,747,580","2,747,580","2,792,687","2,792,687",48269,1.73%,2025-02-23,1403/12/05,Sunday,یکشنبه
322,"2,817,109","2,817,109","2,843,874","2,840,956",3012,0.11%,2025-02-24,1403/12/06,Monday,دوشنبه
323,"2,841,828","2,830,776","2,844,106","2,843,968",10346,0.36%,2025-02-25,1403/12/07,Tuesday,سه‌شنبه
324,"2,845,515","2,844,042","2,862,592","2,854,314",16633,0.58%,2025-02-28,1403/12/10,Friday,جمعه
325,"2,855,274","2,855,274","2,875,906","2,870,947",57493,2.04%,2025-03-01,1403/12/11,Saturday,شنبه
326,"2,836,624","2,813,447","2,836,624","2,813,454",8110,0.29%,2025-03-02,1403/12/12,Sunday,یکشنبه
327,"2,817,591","2,805,344","2,828,040","2,805,344",15374,0.55%,2025-03-03,1403/12/13,Monday,دوشنبه
328,"2,800,612","2,783,394","2,800,612","2,789,970",33000,1.2%,2025-03-04,1403/12/14,Tuesday,سه‌شنبه
329,"2,791,846","2,754,412","2,791,846","2,756,970",34796,1.28%,2025-03-07,1403/12/17,Friday,جمعه
330,"2,745,930","2,720,721","2,745,930","2,722,174",2598,0.1%,2025-03-08,1403/12/18,Saturday,شنبه
331,"2,727,123","2,724,772","2,740,802","2,724,772",36269,1.35%,2025-03-09,1403/12/19,Sunday,یکشنبه
332,"2,723,207","2,688,503","2,723,233","2,688,503",6157,0.23%,2025-03-10,1403/12/20,Monday,دوشنبه
333,"2,683,171","2,678,174","2,695,138","2,694,660",42769,1.59%,2025-03-11,1403/12/21,Tuesday,سه‌شنبه
334,"2,712,331","2,712,331","2,737,429","2,737,429",16232,0.59%,2025-03-14,1403/12/24,Friday,جمعه
335,"2,747,979","2,747,966","2,754,280","2,753,661",9551,0.35%,2025-03-15,1403/12/25,Saturday,شنبه
336,"2,750,002","2,743,929","2,751,169","2,744,110",34433,1.27%,2025-03-16,1403/12/26,Sunday,یکشنبه
337,"2,724,717","2,708,411","2,724,717","2,709,677",411,0.02%,2025-03-17,1403/12/27,Monday,دوشنبه
338,"2,710,088","2,710,088","2,710,088","2,710,088",30628,1.13%,2025-03-21,1404/01/01,Friday,جمعه
339,"2,715,381","2,715,381","2,740,716","2,740,716",25574,0.93%,2025-03-24,1404/01/04,Monday,دوشنبه
340,"2,752,731","2,752,731","2,768,119","2,766,290",11767,0.43%,2025-03-25,1404/01/05,Tuesday,سه‌شنبه
341,"2,768,675","2,764,865","2,778,210","2,778,057",32649,1.18%,2025-03-28,1404/01/08,Friday,جمعه
342,"2,782,706","2,782,706","2,810,709","2,810,706",15380,0.55%,2025-03-29,1404/01/09,Saturday,شنبه
343,"2,802,368","2,794,014","2,802,368","2,795,326",21506,0.78%,2025-04-04,1404/01/15,Friday,جمعه
344,"2,790,322","2,773,820","2,790,322","2,773,820",26960,0.98%,2025-04-05,1404/01/16,Saturday,شنبه
345,"2,769,058","2,746,686","2,769,058","2,746,860",59242,2.16%,2025-04-06,1404/01/17,Sunday,یکشنبه
346,"2,768,918","2,746,860","2,806,102","2,806,102",24436,0.87%,2025-04-07,1404/01/18,Monday,دوشنبه
347,"2,839,141","2,830,538","2,843,400","2,830,538",15259,0.54%,2025-04-08,1404/01/19,Tuesday,سه‌شنبه
348,"2,837,481","2,837,481","2,847,426","2,845,797",62850,2.21%,2025-04-11,1404/01/22,Friday,جمعه
349,"2,871,548","2,871,548","2,908,647","2,908,647",62564,2.15%,2025-04-12,1404/01/23,Saturday,شنبه
350,"2,933,129","2,908,647","2,971,212","2,971,211",27608,0.94%,2025-04-13,1404/01/24,Sunday,یکشنبه
351,"2,976,657","2,943,603","2,976,657","2,943,603",23301,0.79%,2025-04-14,1404/01/25,Monday,دوشنبه
352,"2,945,475","2,945,475","2,967,524","2,966,904",45963,1.55%,2025-04-15,1404/01/26,Tuesday,سه‌شنبه
353,"2,979,628","2,979,628","3,012,867","3,012,867",65056,2.16%,2025-04-18,1404/01/29,Friday,جمعه
354,"3,029,949","3,029,949","3,077,925","3,077,923",59404,1.93%,2025-04-19,1404/01/30,Saturday,شنبه
355,"3,099,208","3,099,208","3,142,776","3,137,327",4696,0.15%,2025-04-20,1404/01/31,Sunday,یکشنبه
356,"3,123,750","3,116,248","3,132,632","3,132,631",4102,0.13%,2025-04-21,1404/02/01,Monday,دوشنبه
357,"3,123,151","3,122,811","3,136,734","3,136,733",15179,0.48%,2025-04-22,1404/02/02,Tuesday,سه‌شنبه
358,"3,155,808","3,149,242","3,161,453","3,151,912",34671,1.11%,2025-04-25,1404/02/05,Friday,جمعه
359,"3,123,895","3,101,914","3,123,895","3,117,241",12336,0.4%,2025-04-26,1404/02/06,Saturday,شنبه
360,"3,133,684","3,129,577","3,147,213","3,129,577",6728,0.21%,2025-04-27,1404/02/07,Sunday,یکشنبه
361,"3,126,944","3,121,675","3,137,681","3,136,305",42344,1.35%,2025-04-28,1404/02/08,Monday,دوشنبه
362,"3,147,499","3,147,499","3,178,649","3,178,649",61851,1.98%,2025-04-29,1404/02/09,Tuesday,سه‌شنبه
363,"3,138,893","3,116,798","3,138,893","3,116,798",24001,0.78%,2025-05-02,1404/02/12,Friday,جمعه
364,"3,089,260","3,084,561","3,092,798","3,092,797",4811,0.16%,2025-05-03,1404/02/13,Saturday,شنبه
365,"3,114,947","3,097,607","3,122,726","3,097,608",13211,0.43%,2025-05-04,1404/02/14,Sunday,یکشنبه
366,"3,105,730","3,091,515","3,111,037","3,110,819",58685,1.89%,2025-05-05,1404/02/15,Monday,دوشنبه
367,"3,136,063","3,136,063","3,173,078","3,169,504",53996,1.73%,2025-05-06,1404/02/16,Tuesday,سه‌شنبه
368,"3,150,111","3,115,508","3,150,111","3,115,508",24416,0.79%,2025-05-09,1404/02/19,Friday,جمعه
369,"3,111,254","3,091,074","3,111,254","3,091,092",79796,2.58%,2025-05-10,1404/02/20,Saturday,شنبه
370,"3,118,921","3,118,921","3,170,890","3,170,888",35957,1.13%,2025-05-11,1404/02/21,Sunday,یکشنبه
371,"3,194,473","3,194,473","3,206,922","3,206,845",30098,0.94%,2025-05-12,1404/02/22,Monday,دوشنبه
372,"3,216,498","3,214,177","3,236,945","3,236,943",4330,0.13%,2025-05-13,1404/02/23,Tuesday,سه‌شنبه
373,"3,247,711","3,241,273","3,259,431","3,241,273",10946,0.34%,2025-05-16,1404/02/26,Friday,جمعه
374,"3,244,670","3,241,273","3,252,219","3,252,219",26658,0.83%,2025-05-17,1404/02/27,Saturday,شنبه
375,"3,252,839","3,225,561","3,252,839","3,225,561",58572,1.85%,2025-05-18,1404/02/28,Sunday,یکشنبه
376,"3,214,642","3,166,988","3,214,642","3,166,989",58871,1.89%,2025-05-19,1404/02/29,Monday,دوشنبه
377,"3,131,798","3,107,016","3,131,798","3,108,118",26265,0.85%,2025-05-20,1404/02/30,Tuesday,سه‌شنبه
378,"3,120,931","3,120,931","3,138,578","3,134,383",32371,1.04%,2025-05-23,1404/03/02,Friday,جمعه
379,"3,136,477","3,102,006","3,136,477","3,102,012",7333,0.24%,2025-05-24,1404/03/03,Saturday,شنبه
380,"3,112,673","3,103,742","3,116,571","3,109,345",24914,0.8%,2025-05-25,1404/03/04,Sunday,یکشنبه
381,"3,119,246","3,119,246","3,134,431","3,134,259",4856,0.16%,2025-05-26,1404/03/05,Monday,دوشنبه
382,"3,135,878","3,129,402","3,136,825","3,129,403",13960,0.45%,2025-05-27,1404/03/06,Tuesday,سه‌شنبه
383,"3,137,945","3,137,945","3,151,031","3,143,363",36369,1.17%,2025-05-30,1404/03/09,Friday,جمعه
384,"3,139,364","3,106,994","3,139,364","3,106,994",18272,0.59%,2025-05-31,1404/03/10,Saturday,شنبه
385,"3,110,694","3,110,694","3,125,928","3,125,266",23311,0.75%,2025-06-01,1404/03/11,Sunday,یکشنبه
386,"3,123,921","3,101,955","3,123,921","3,101,955",60335,1.98%,2025-06-02,1404/03/12,Monday,دوشنبه
387,"3,087,134","3,041,620","3,087,134","3,041,620",5868,0.19%,2025-06-06,1404/03/16,Friday,جمعه
388,"3,037,247","3,029,417","3,037,247","3,035,752",46174,1.54%,2025-06-07,1404/03/17,Saturday,شنبه
389,"3,036,376","2,989,578","3,036,376","2,989,578",1322,0.04%,2025-06-08,1404/03/18,Sunday,یکشنبه
390,"2,990,691","2,984,765","2,993,796","2,988,256",3651,0.12%,2025-06-09,1404/03/19,Monday,دوشنبه
391,"2,989,872","2,984,605","2,993,774","2,984,605",61976,2.12%,2025-06-10,1404/03/20,Tuesday,سه‌شنبه
392,"2,922,629","2,922,629","2,922,629","2,922,629",77886,2.74%,2025-06-27,1404/04/06,Friday,جمعه
393,"2,914,494","2,844,737","2,914,494","2,844,743",55650,2%,2025-06-28,1404/04/07,Saturday,شنبه
394,"2,832,752","2,788,389","2,832,752","2,789,093",57339,2.1%,2025-06-29,1404/04/08,Sunday,یکشنبه
395,"2,771,003","2,731,681","2,771,003","2,731,754",42111,1.57%,2025-06-30,1404/04/09,Monday,دوشنبه
396,"2,673,095","2,673,095","2,689,643","2,689,643",19870,0.74%,2025-07-01,1404/04/10,Tuesday,سه‌شنبه
397,"2,705,424","2,705,424","2,722,722","2,709,513",51275,1.93%,2025-07-06,1404/04/15,Sunday,یکشنبه
398,"2,710,091","2,658,237","2,710,091","2,658,238",20688,0.78%,2025-07-07,1404/04/16,Monday,دوشنبه
399,"2,643,497","2,634,980","2,643,535","2,637,550",40108,1.52%,2025-07-08,1404/04/17,Tuesday,سه‌شنبه
400,"2,653,072","2,653,072","2,677,667","2,677,658",30047,1.12%,2025-07-11,1404/04/20,Friday,جمعه
401,"2,688,367","2,688,367","2,707,720","2,707,705",26555,0.98%,2025-07-12,1404/04/21,Saturday,شنبه
402,"2,712,906","2,712,906","2,734,260","2,734,260",27237,1%,2025-07-14,1404/04/23,Monday,دوشنبه
403,"2,742,808","2,742,808","2,761,510","2,761,497",24195,0.88%,2025-07-15,1404/04/24,Tuesday,سه‌شنبه
404,"2,789,814","2,789,814","2,801,540","2,801,514",22763,0.81%,2025-07-18,1404/04/27,Friday,جمعه
405,"2,809,386","2,809,386","2,824,318","2,824,277",14624,0.52%,2025-07-19,1404/04/28,Saturday,شنبه
406,"2,826,566","2,826,566","2,839,476","2,838,901",5003,0.18%,2025-07-20,1404/04/29,Sunday,یکشنبه
407,"2,841,992","2,841,992","2,846,621","2,843,904",6925,0.24%,2025-07-21,1404/04/30,Monday,دوشنبه
408,"2,838,701","2,835,700","2,839,052","2,836,979",11822,0.42%,2025-07-22,1404/04/31,Tuesday,سه‌شنبه
409,"2,838,324","2,825,126","2,838,564","2,825,157",13876,0.49%,2025-07-25,1404/05/03,Friday,جمعه
410,"2,822,252","2,811,281","2,822,252","2,811,281",42433,1.53%,2025-07-26,1404/05/04,Saturday,شنبه
411,"2,803,212","2,768,501","2,803,212","2,768,848",34959,1.28%,2025-07-27,1404/05/05,Sunday,یکشنبه
412,"2,758,192","2,733,889","2,758,192","2,733,889",52030,1.94%,2025-07-28,1404/05/06,Monday,دوشنبه
413,"2,723,655","2,681,857","2,723,655","2,681,859",26682,1%,2025-07-29,1404/05/07,Tuesday,سه‌شنبه
414,"2,676,053","2,655,177","2,676,053","2,655,177",15756,0.6%,2025-08-01,1404/05/10,Friday,جمعه
415,"2,653,638","2,639,314","2,655,141","2,639,421",14748,0.56%,2025-08-02,1404/05/11,Saturday,شنبه
416,"2,637,325","2,622,958","2,637,325","2,624,673",35245,1.36%,2025-08-03,1404/05/12,Sunday,یکشنبه
417,"2,624,666","2,589,428","2,624,768","2,589,428",34551,1.35%,2025-08-04,1404/05/13,Monday,دوشنبه
418,"2,586,070","2,554,788","2,586,070","2,554,877",-,-,2025-08-05,1404/05/14,Tuesday,سه‌شنبه
419,"2,554,877","2,554,877","2,554,877","2,554,877",16172,0.63%,2025-08-07,1404/05/16,Thursday,پنج‌شنبه
420,"2,574,281","2,571,037","2,575,384","2,571,049",8734,0.34%,2025-08-09,1404/05/18,Saturday,شنبه
421,"2,562,073","2,562,073","2,562,315","2,562,315",641,0.03%,2025-08-10,1404/05/19,Sunday,یکشنبه
422,"2,561,674","2,561,674","2,561,674","2,561,674",51514,2.05%,2025-08-11,1404/05/20,Monday,دوشنبه
423,"2,511,838","2,510,095","2,511,838","2,510,160",43181,1.75%,2025-08-12,1404/05/21,Tuesday,سه‌شنبه
424,"2,503,718","2,466,978","2,503,718","2,466,979",-,-,2025-08-13,1404/05/22,Wednesday,چهارشنبه
425,"2,466,979","2,466,979","2,466,979","2,466,979",12585,0.51%,2025-08-14,1404/05/23,Thursday,پنج‌شنبه
426,"2,459,049","2,447,704","2,459,049","2,454,394",45737,1.86%,2025-08-16,1404/05/25,Saturday,شنبه
427,"2,456,618","2,456,618","2,500,137","2,500,131",13289,0.53%,2025-08-17,1404/05/26,Sunday,یکشنبه
428,"2,515,367","2,513,420","2,524,094","2,513,420",19285,0.77%,2025-08-18,1404/05/27,Monday,دوشنبه
429,"2,511,547","2,494,118","2,511,547","2,494,135",18922,0.76%,2025-08-19,1404/05/28,Tuesday,سه‌شنبه
430,"2,489,369","2,475,206","2,489,369","2,475,213",4246,0.17%,2025-08-20,1404/05/29,Wednesday,چهارشنبه
431,"2,475,011","2,470,950","2,475,011","2,470,967",32929,1.35%,2025-08-23,1404/06/01,Saturday,شنبه
432,"2,470,107","2,438,037","2,470,107","2,438,038",21740,0.9%,2025-08-25,1404/06/03,Monday,دوشنبه
433,"2,430,602","2,415,937","2,430,602","2,416,298",14741,0.61%,2025-08-26,1404/06/04,Tuesday,سه‌شنبه
434,"2,415,973","2,415,878","2,435,081","2,431,039",35345,1.48%,2025-08-27,1404/06/05,Wednesday,چهارشنبه
435,"2,425,346","2,395,527","2,425,346","2,395,694",34456,1.44%,2025-08-30,1404/06/08,Saturday,شنبه
436,"2,403,066","2,403,066","2,430,150","2,430,150",47009,1.93%,2025-08-31,1404/06/09,Sunday,یکشنبه
437,"2,437,860","2,437,860","2,477,161","2,477,159",46380,1.87%,2025-09-02,1404/06/11,Tuesday,سه‌شنبه
438,"2,496,903","2,496,903","2,523,539","2,523,539",19312,0.77%,2025-09-03,1404/06/12,Wednesday,چهارشنبه
439,"2,540,313","2,540,313","2,550,446","2,542,851",27805,1.09%,2025-09-06,1404/06/15,Saturday,شنبه
440,"2,541,928","2,540,981","2,570,657","2,570,656",52640,2.05%,2025-09-07,1404/06/16,Sunday,یکشنبه
441,"2,623,296","2,623,296","2,623,296","2,623,296",5886,0.22%,2025-09-08,1404/06/17,Monday,دوشنبه
442,"2,630,316","2,627,927","2,630,316","2,629,182",1310,0.05%,2025-09-09,1404/06/18,Tuesday,سه‌شنبه
443,"2,631,304","2,628,991","2,631,304","2,630,492",46498,1.77%,2025-09-13,1404/06/22,Saturday,شنبه
444,"2,631,964","2,631,964","2,676,990","2,676,990",54,-,2025-09-14,1404/06/23,Sunday,یکشنبه
445,"2,690,151","2,676,978","2,696,455","2,677,044",46237,1.76%,2025-09-15,1404/06/24,Monday,دوشنبه
446,"2,675,130","2,629,297","2,675,130","2,630,807",37637,1.45%,2025-09-16,1404/06/25,Tuesday,سه‌شنبه
447,"2,622,250","2,591,986","2,622,250","2,593,170",50575,1.99%,2025-09-17,1404/06/26,Wednesday,چهارشنبه
448,"2,578,522","2,542,504","2,578,522","2,542,595",38142,1.52%,2025-09-20,1404/06/29,Saturday,شنبه
449,"2,522,556","2,504,014","2,522,556","2,504,453",35720,1.43%,2025-09-21,1404/06/30,Sunday,یکشنبه
450,"2,513,186","2,513,186","2,540,445","2,540,173",4100,0.16%,2025-09-22,1404/06/31,Monday,دوشنبه
451,"2,541,431","2,538,355","2,546,378","2,544,273",20017,0.79%,2025-09-23,1404/07/01,Tuesday,سه‌شنبه
452,"2,532,422","2,522,105","2,532,422","2,524,256",53270,2.11%,2025-09-24,1404/07/02,Wednesday,چهارشنبه
453,"2,536,148","2,536,148","2,577,526","2,577,526",61846,2.4%,2025-09-27,1404/07/05,Saturday,شنبه
454,"2,591,543","2,591,543","2,639,373","2,639,372",61161,2.32%,2025-09-28,1404/07/06,Sunday,یکشنبه
455,"2,654,501","2,654,501","2,700,533","2,700,533",34644,1.28%,2025-09-29,1404/07/07,Monday,دوشنبه
456,"2,741,161","2,735,174","2,745,359","2,735,177",6693,0.25%,2025-09-30,1404/07/08,Tuesday,سه‌شنبه
457,"2,723,265","2,712,571","2,730,334","2,728,484",64849,2.38%,2025-10-01,1404/07/09,Wednesday,چهارشنبه
458,"2,760,859","2,760,859","2,793,333","2,793,333",60726,2.17%,2025-10-04,1404/07/12,Saturday,شنبه
459,"2,818,694","2,818,694","2,854,060","2,854,059",36638,1.28%,2025-10-05,1404/07/13,Sunday,یکشنبه
460,"2,883,702","2,883,702","2,900,408","2,890,697",41446,1.43%,2025-10-06,1404/07/14,Monday,دوشنبه
461,"2,892,879","2,892,879","2,936,010","2,932,143",6084,0.21%,2025-10-07,1404/07/15,Tuesday,سه‌شنبه
462,"2,948,963","2,925,711","2,949,345","2,926,059",24283,0.83%,2025-10-08,1404/07/16,Wednesday,چهارشنبه
463,"2,929,707","2,929,707","2,959,998","2,950,342",68410,2.32%,2025-10-11,1404/07/19,Saturday,شنبه
464,"2,962,216","2,962,216","3,018,756","3,018,752",24181,0.8%,2025-10-12,1404/07/20,Sunday,یکشنبه
465,"3,046,119","3,042,194","3,051,341","3,042,933",26820,0.89%,2025-10-13,1404/07/21,Monday,دوشنبه
466,"3,043,443","3,016,105","3,046,335","3,016,113",41582,1.4%,2025-10-14,1404/07/22,Tuesday,سه‌شنبه
467,"2,995,601","2,972,226","2,995,601","2,974,531",74447,2.5%,2025-10-15,1404/07/23,Wednesday,چهارشنبه
468,"3,003,641","3,003,641","3,048,978","3,048,978",38842,1.27%,2025-10-18,1404/07/26,Saturday,شنبه
469,"3,078,304","3,078,304","3,093,602","3,087,820",31143,1.02%,2025-10-19,1404/07/27,Sunday,یکشنبه
470,"3,085,953","3,056,664","3,085,953","3,056,677",4392,0.14%,2025-10-20,1404/07/28,Monday,دوشنبه
471,"3,056,634","3,052,128","3,068,483","3,052,285",27538,0.9%,2025-10-21,1404/07/29,Tuesday,سه‌شنبه
472,"3,063,292","3,063,061","3,079,823","3,079,823",19717,0.64%,2025-10-22,1404/07/30,Wednesday,چهارشنبه
473,"3,074,654","3,059,204","3,074,654","3,060,106",24137,0.79%,2025-10-25,1404/08/03,Saturday,شنبه
474,"3,070,991","3,070,991","3,085,397","3,084,243",43402,1.41%,2025-10-26,1404/08/04,Sunday,یکشنبه
475,"3,096,159","3,096,159","3,127,664","3,127,645",47972,1.53%,2025-10-27,1404/08/05,Monday,دوشنبه
476,"3,162,810","3,162,810","3,177,520","3,175,617",33494,1.05%,2025-10-28,1404/08/06,Tuesday,سه‌شنبه
477,"3,199,089","3,196,375","3,209,112","3,209,111",1663,0.05%,2025-10-29,1404/08/07,Wednesday,چهارشنبه
478,"3,223,391","3,207,407","3,234,666","3,207,448",10165,0.32%,2025-11-01,1404/08/10,Saturday,شنبه
479,"3,200,379","3,190,168","3,217,750","3,217,613",47722,1.48%,2025-11-02,1404/08/11,Sunday,یکشنبه
480,"3,239,310","3,239,310","3,267,450","3,265,335",41004,1.27%,2025-11-03,1404/08/12,Monday,دوشنبه
481,"3,256,615","3,224,305","3,256,615","3,224,331",21442,0.67%,2025-11-04,1404/08/13,Tuesday,سه‌شنبه
482,"3,194,160","3,187,864","3,202,957","3,202,889",21142,0.66%,2025-11-05,1404/08/14,Wednesday,چهارشنبه
483,"3,217,779","3,217,779","3,246,671","3,224,031",72696,2.31%,2025-11-08,1404/08/17,Saturday,شنبه
484,"3,213,331","3,151,329","3,213,331","3,151,335",36756,1.18%,2025-11-09,1404/08/18,Sunday,یکشنبه
485,"3,130,585","3,114,406","3,130,585","3,114,579",7616,0.25%,2025-11-10,1404/08/19,Monday,دوشنبه
486,"3,120,981","3,106,515","3,132,323","3,106,963",8200,0.26%,2025-11-11,1404/08/20,Tuesday,سه‌شنبه
487,"3,104,659","3,092,258","3,104,659","3,098,763",6762,0.22%,2025-11-12,1404/08/21,Wednesday,چهارشنبه
488,"3,102,370","3,101,339","3,106,161","3,105,525",34063,1.1%,2025-11-15,1404/08/24,Saturday,شنبه
489,"3,110,428","3,110,428","3,139,588","3,139,588",35524,1.13%,2025-11-16,1404/08/25,Sunday,یکشنبه
490,"3,154,437","3,154,437","3,186,085","3,175,112",14931,0.47%,2025-11-17,1404/08/26,Monday,دوشنبه
491,"3,171,372","3,160,151","3,171,372","3,160,181",8382,0.27%,2025-11-18,1404/08/27,Tuesday,سه‌شنبه
492,"3,164,269","3,162,133","3,168,563","3,168,563",29142,0.92%,2025-11-19,1404/08/28,Wednesday,چهارشنبه
493,"3,172,434","3,172,434","3,198,551","3,197,705",53595,1.68%,2025-11-22,1404/09/01,Saturday,شنبه
494,"3,208,874","3,208,874","3,251,403","3,251,300",52519,1.62%,2025-11-23,1404/09/02,Sunday,یکشنبه
495,"3,264,772","3,264,772","3,304,681","3,303,819",21465,0.65%,2025-11-25,1404/09/04,Tuesday,سه‌شنبه
496,"3,313,403","3,281,994","3,313,900","3,282,354",9312,0.28%,2025-11-26,1404/09/05,Wednesday,چهارشنبه
497,"3,285,882","3,272,976","3,299,719","3,273,042",1336,0.04%,2025-11-29,1404/09/08,Saturday,شنبه
498,"3,272,167","3,259,428","3,274,473","3,274,378",40437,1.23%,2025-11-30,1404/09/09,Sunday,یکشنبه
499,"3,290,599","3,290,599","3,321,186","3,314,815",25468,0.77%,2025-12-01,1404/09/10,Monday,دوشنبه
500,"3,320,284","3,320,284","3,340,284","3,340,283",39573,1.18%,2025-12-02,1404/09/11,Tuesday,سه‌شنبه
501,"3,348,618","3,348,618","3,379,865","3,379,856",66932,1.98%,2025-12-03,1404/09/12,Wednesday,چهارشنبه
502,"3,442,124","3,442,124","3,446,788","3,446,788",3807,0.11%,2025-12-06,1404/09/15,Saturday,شنبه
503,"3,475,806","3,450,578","3,483,255","3,450,595",31730,0.92%,2025-12-07,1404/09/16,Sunday,یکشنبه
504,"3,454,670","3,453,883","3,482,328","3,482,325",24901,0.72%,2025-12-08,1404/09/17,Monday,دوشنبه
505,"3,495,466","3,495,466","3,527,667","3,507,226",54251,1.55%,2025-12-09,1404/09/18,Tuesday,سه‌شنبه
506,"3,508,546","3,508,546","3,561,478","3,561,477",66890,1.88%,2025-12-10,1404/09/19,Wednesday,چهارشنبه
507,"3,590,975","3,590,975","3,629,785","3,628,367",27707,0.76%,2025-12-13,1404/09/22,Saturday,شنبه
508,"3,629,614","3,599,229","3,656,090","3,656,074",72524,1.98%,2025-12-14,1404/09/23,Sunday,یکشنبه
509,"3,677,115","3,677,115","3,728,598","3,728,598",32339,0.87%,2025-12-15,1404/09/24,Monday,دوشنبه
510,"3,759,969","3,759,969","3,804,429","3,760,937",6545,0.17%,2025-12-16,1404/09/25,Tuesday,سه‌شنبه
511,"3,753,008","3,753,008","3,767,509","3,767,482",93501,2.48%,2025-12-17,1404/09/26,Wednesday,چهارشنبه
512,"3,804,514","3,804,514","3,860,983","3,860,983",37251,0.96%,2025-12-20,1404/09/29,Saturday,شنبه
513,"3,891,999","3,885,605","3,906,141","3,898,234",10891,0.28%,2025-12-21,1404/09/30,Sunday,یکشنبه
514,"3,940,601","3,909,125","3,941,956","3,909,125",26652,0.68%,2025-12-22,1404/10/01,Monday,دوشنبه
515,"3,922,994","3,914,403","3,937,188","3,935,777",92783,2.36%,2025-12-23,1404/10/02,Tuesday,سه‌شنبه
516,"4,002,136","4,002,136","4,028,560","4,028,560",70863,1.76%,2025-12-24,1404/10/03,Wednesday,چهارشنبه
517,"4,111,455","4,096,961","4,116,579","4,099,423",61201,1.49%,2025-12-27,1404/10/06,Saturday,شنبه
518,"4,134,026","4,128,003","4,160,636","4,160,624",36998,0.9%,2025-12-28,1404/10/07,Sunday,یکشنبه
519,"4,198,630","4,123,176","4,198,630","4,123,626",102258,2.54%,2025-12-29,1404/10/08,Monday,دوشنبه
520,"4,023,366","4,018,487","4,023,366","4,021,368",48696,1.21%,2025-12-30,1404/10/09,Tuesday,سه‌شنبه
521,"3,980,175","3,980,175","4,070,067","4,070,064",972,0.02%,2025-12-31,1404/10/10,Wednesday,چهارشنبه
522,"4,101,594","4,059,520","4,104,623","4,071,036",105048,2.58%,2026-01-04,1404/10/14,Sunday,یکشنبه
523,"4,167,257","4,167,257","4,177,520","4,176,084",111871,2.68%,2026-01-05,1404/10/15,Monday,دوشنبه
524,"4,277,825","4,277,825","4,287,960","4,287,955",72733,1.7%,2026-01-06,1404/10/16,Tuesday,سه‌شنبه
525,"4,388,323","4,360,688","4,388,323","4,360,688",245587,5.97%,2026-01-07,1404/10/17,Wednesday,چهارشنبه
526,"4,115,376","4,115,101","4,115,376","4,115,101",102733,2.56%,2026-01-26,1404/11/06,Monday,دوشنبه
527,"4,360,688","4,009,084","4,360,688","4,012,368",30750,0.77%,2026-01-27,1404/11/07,Tuesday,سه‌شنبه
528,"4,360,688","3,977,441","4,360,688","3,981,618",57037,1.45%,2026-01-28,1404/11/08,Wednesday,چهارشنبه
529,"4,010,807","3,924,548","4,013,927","3,924,581",35197,0.9%,2026-01-31,1404/11/11,Saturday,شنبه
530,"3,931,015","3,922,626","3,959,778","3,959,778",93117,2.35%,2026-02-01,1404/11/12,Sunday,یکشنبه
531,"4,047,547","4,047,547","4,055,176","4,052,895",6444,0.16%,2026-02-02,1404/11/13,Monday,دوشنبه
532,"4,120,253","4,058,657","4,120,253","4,059,339",104643,2.58%,2026-02-03,1404/11/14,Tuesday,سه‌شنبه
533,"4,151,040","4,151,040","4,163,990","4,163,982",10401,0.25%,2026-02-07,1404/11/18,Saturday,شنبه
534,"4,253,270","4,174,186","4,253,270","4,174,383",105795,2.6%,2026-02-08,1404/11/19,Sunday,یکشنبه
535,"4,100,482","4,068,588","4,100,482","4,068,588",38769,0.96%,2026-02-09,1404/11/20,Monday,دوشنبه
536,"4,027,998.45","4,027,998.45","4,029,827","4,029,819",43714,1.1%,2026-02-10,1404/11/21,Tuesday,سه‌شنبه
537,"4,081,307","3,986,101","4,090,062","3,986,105",104238,2.69%,2026-02-14,1404/11/25,Saturday,شنبه
538,"3,898,002","3,881,867","3,898,002","3,881,867",59299,1.55%,2026-02-15,1404/11/26,Sunday,یکشنبه
539,"3,801,119","3,799,827","3,822,584","3,822,568",24973,0.65%,2026-02-16,1404/11/27,Monday,دوشنبه
540,"3,862,481","3,837,218","3,862,481","3,847,541",40776,1.07%,2026-02-17,1404/11/28,Tuesday,سه‌شنبه
541,"3,900,507","3,806,712","3,900,507","3,806,765",103143,2.78%,2026-02-18,1404/11/29,Wednesday,چهارشنبه
542,"3,710,878","3,703,611","3,710,878","3,703,622",85140,2.35%,2026-02-21,1404/12/02,Saturday,شنبه
543,"3,615,023","3,612,080","3,618,482","3,618,482",61709,1.71%,2026-02-22,1404/12/03,Sunday,یکشنبه
544,"3,681,701","3,675,607","3,692,758","3,680,191",27901,0.76%,2026-02-23,1404/12/04,Monday,دوشنبه
545,"3,662,086","3,626,650","3,662,086","3,652,290",61665,1.69%,2026-02-24,1404/12/05,Tuesday,سه‌شنبه
546,"3,670,578","3,670,578","3,721,839","3,713,955",21061,0.57%,2026-02-25,1404/12/06,Wednesday,چهارشنبه
547,"3,741,324","3,692,894","3,749,890","3,692,894",21061,0.57%,2026-02-28,1404/12/09,Saturday,شنبه
548,"3,713,955","3,713,955","3,713,955","3,713,955",1,-,2026-03-17,1404/12/26,Tuesday,سه‌شنبه
549,"3,692,894","3,692,894","3,713,956","3,713,956",-,-,2026-03-18,1404/12/27,Wednesday,چهارشنبه
550,"3,692,894","3,692,894","3,713,956","3,713,956",21062,0.57%,2026-03-19,1404/12/28,Thursday,پنج‌شنبه
551,"3,692,894","3,692,894","3,692,894","3,692,894",21062,0.57%,2026-03-20,1404/12/29,Friday,جمعه
552,"3,713,956","3,713,956","3,713,956","3,713,956",-,-,2026-03-25,1405/01/05,Wednesday,چهارشنبه
553,"3,692,894","3,692,894","3,713,956","3,713,956",21062,0.57%,2026-03-26,1405/01/06,Thursday,پنج‌شنبه
554,"3,692,894","3,692,894","3,692,894","3,692,894",23583,0.64%,2026-03-27,1405/01/07,Friday,جمعه
555,"3,711,409","3,711,409","3,716,477","3,716,477",44827,1.21%,2026-05-19,1405/02/29,Tuesday,سه‌شنبه
556,"3,748,752","3,748,752","3,761,304","3,761,304",70468,1.87%,2026-05-20,1405/02/30,Wednesday,چهارشنبه
557,"3,815,363","3,815,363","3,831,772","3,831,772",78018,2.04%,2026-05-23,1405/03/02,Saturday,شنبه
558,"3,894,722","3,894,722","3,909,790","3,909,790",83352,2.13%,2026-05-24,1405/03/03,Sunday,یکشنبه
559,"3,975,990","3,974,682","3,994,409","3,993,142",80510,2.02%,2026-05-25,1405/03/04,Monday,دوشنبه
560,"4,032,344","4,031,807","4,073,979","4,073,652",79724,1.96%,2026-05-26,1405/03/05,Tuesday,سه‌شنبه
561,"4,147,854","4,147,854","4,153,376","4,153,376",83145,2%,2026-05-30,1405/03/09,Saturday,شنبه
562,"4,234,414","4,234,414","4,236,522","4,236,521",63657,1.5%,2026-05-31,1405/03/10,Sunday,یکشنبه
563,"4,314,717","4,300,178","4,314,717","4,300,178",44446,1.03%,2026-06-01,1405/03/11,Monday,دوشنبه
564,"4,333,577","4,326,391","4,346,250","4,344,624",14376,0.33%,2026-06-02,1405/03/12,Tuesday,سه‌شنبه
565,"4,361,742","4,356,260","4,361,742","4,359,000",32866,0.75%,2026-06-03,1405/03/13,Wednesday,چهارشنبه
566,"4,379,399","4,369,062","4,391,866","4,391,866",101743,2.32%,2026-06-06,1405/03/16,Saturday,شنبه
567,"4,474,252","4,474,252","4,493,609","4,493,609",67598,1.53%,2026-06-07,1405/03/17,Sunday,یکشنبه
568,"4,422,661","4,422,661","4,433,050","4,426,011",114863,2.6%,2026-06-08,1405/03/18,Monday,دوشنبه
569,"4,516,533","4,516,533","4,540,875","4,540,874",52178,1.15%,2026-06-09,1405/03/19,Tuesday,سه‌شنبه
570,"4,602,549","4,585,578","4,602,549","4,593,052",103176,2.25%,2026-06-10,1405/03/20,Wednesday,چهارشنبه
571,"4,690,049","4,690,049","4,713,591","4,696,228",122602,2.61%,2026-06-13,1405/03/23,Saturday,شنبه
572,"4,799,357","4,799,357","4,818,830","4,818,830",161599,3.35%,2026-06-14,1405/03/24,Sunday,یکشنبه
573,"4,929,531","4,929,531","4,982,626","4,980,429",119820,2.41%,2026-06-15,1405/03/25,Monday,دوشنبه
574,"5,097,357","5,063,434","5,101,405","5,100,249",50846,1%,2026-06-16,1405/03/26,Tuesday,سه‌شنبه
575,"5,119,641","5,099,563","5,151,101","5,151,095",1,-,2026-06-17,1405/03/27,Wednesday,چهارشنبه
576,"5,151,094","5,151,094","5,151,094","5,151,094",9089,0.18%,2026-06-18,1405/03/28,Thursday,پنج‌شنبه
577,"5,240,717","5,160,094","5,240,717","5,160,183",34207,0.67%,2026-06-20,1405/03/30,Saturday,شنبه
578,"5,154,348","5,125,975","5,154,348","5,125,976",53299,1.05%,2026-06-21,1405/03/31,Sunday,یکشنبه
579,"5,075,291","5,060,370","5,075,291","5,072,677",88226,1.74%,2026-06-22,1405/04/01,Monday,دوشنبه
580,"5,177,214","5,160,821","5,186,838","5,160,903",15454,0.3%,2026-06-23,1405/04/02,Tuesday,سه‌شنبه
581,"5,192,125","5,176,355","5,192,125","5,176,357",100777,1.99%,2026-06-27,1405/04/06,Saturday,شنبه
582,"5,079,364","5,074,794","5,079,364","5,075,580",16351,0.32%,2026-06-28,1405/04/07,Sunday,یکشنبه
583,"5,015,789","5,015,789","5,061,802","5,059,229",68406,1.35%,2026-06-29,1405/04/08,Monday,دوشنبه
584,"5,136,423","5,127,538","5,162,727","5,127,635",59629,1.16%,2026-06-30,1405/04/09,Tuesday,سه‌شنبه
585,"5,137,564","5,127,545","5,187,266","5,187,264",124259,2.4%,2026-07-01,1405/04/10,Wednesday,چهارشنبه
586,"5,284,472","5,284,472","5,311,528","5,311,523",24667,0.47%,2026-07-07,1405/04/16,Tuesday,سه‌شنبه
587,"5,317,992","5,286,783","5,331,617","5,286,856",104243,2.01%,2026-07-08,1405/04/17,Wednesday,چهارشنبه
588,"5,188,819","5,177,029","5,189,786","5,182,613",126965,2.51%,2026-07-11,1405/04/20,Saturday,شنبه
589,"5,056,353","5,055,121","5,057,295","5,055,648",88888,1.79%,2026-07-12,1405/04/21,Sunday,یکشنبه
590,"4,940,775","4,940,775","4,966,763","4,966,760",42077,0.85%,2026-07-13,1405/04/22,Monday,دوشنبه
591,"4,901,743","4,890,747","4,924,683","4,924,683",30849,0.63%,2026-07-14,1405/04/23,Tuesday,سه‌شنبه
592,"4,932,765","4,893,830","4,934,515","4,893,834",116550,2.44%,2026-07-15,1405/04/24,Wednesday,چهارشنبه
593,"4,786,541","4,772,708","4,786,541","4,777,284",21784,0.46%,2026-07-18,1405/04/27,Saturday,شنبه
594,"4,731,893","4,731,893","4,755,500","4,755,500",58003,1.22%,2026-07-19,1405/04/28,Sunday,یکشنبه
595,"4,812,197","4,810,809","4,813,503","4,813,503",74048,1.54%,2026-07-20,1405/04/29,Monday,دوشنبه
596,"4,873,381","4,873,381","4,887,748","4,887,551",3551,0.07%,2026-07-21,1405/04/30,Tuesday,سه‌شنبه
597,"4,908,598","4,883,508","4,908,598","4,884,000",10453,0.21%,2026-07-22,1405/04/31,Wednesday,چهارشنبه
598,"4,919,003","4,879,912","4,919,003","4,894,453",107876,2.2%,2026-07-25,1405/05/03,Saturday,شنبه
599,"4,975,013","4,975,013","5,002,825","5,002,329",49739,0.99%,2026-07-26,1405/05/04,Sunday,یکشنبه
600,"5,062,261","5,045,979","5,062,261","5,052,068",56935,1.13%,2026-07-27,1405/05/05,Monday,دوشنبه
601,"5,094,119","5,090,341","5,109,331","5,109,003",33905,0.67%,2026-07-28,1405/05/06,Tuesday,سه‌شنبه
602,"5,057,012","5,054,858","5,077,767","5,075,098",20312,0.4%,2026-07-29,1405/05/07,Wednesday,چهارشنبه
603,"5,049,463","5,040,084","5,056,094","5,054,786",99271,1.96%,2026-08-01,1405/05/10,Saturday,شنبه
604,"5,164,730","5,151,506","5,165,167","5,154,057",99271,1.96%,2026-08-02,1405/05/11,Sunday,یکشنبه
